[
{
    "model": "workflows.account",
    "pk": "b4ed23e8-9a61-49a0-96a2-fa4c730d5fa9",
    "fields": {
        "password": "pbkdf2_sha256$216000$BsYEXPOa3E7B$LiScdnn6GR60ebeoEA2L1eIFH0DKFgDJq1jNE3ORbdg=",
        "last_login": "2022-06-28T13:33:28.648Z",
        "is_superuser": true,
        "username": "admin",
        "first_name": "",
        "last_name": "",
        "email": "",
        "is_staff": true,
        "is_active": true,
        "date_joined": "2022-05-24T02:02:47.339Z",
        "created_at": "2022-05-24T02:02:47.465Z",
        "created_by": null,
        "modified_at": "2022-05-24T02:02:47.465Z",
        "modified_by": "b4ed23e8-9a61-49a0-96a2-fa4c730d5fa9",
        "groups": [],
        "user_permissions": []
    }
},
{
    "model": "workflows.account",
    "pk": "dba542f1-dea7-4b29-9352-76c0145101bd",
    "fields": {
        "password": "pbkdf2_sha256$216000$BsYEXPOa3E7B$LiScdnn6GR60ebeoEA2L1eIFH0DKFgDJq1jNE3ORbdg=",
        "last_login": "2022-05-24T02:03:03.983Z",
        "is_superuser": false,
        "username": "risto",
        "first_name": "Risto",
        "last_name": "Reipas",
        "email": "",
        "is_staff": true,
        "is_active": true,
        "date_joined": "2022-05-24T02:02:47.339Z",
        "created_at": "2022-05-24T02:02:47.465Z",
        "created_by": null,
        "modified_at": "2022-05-24T02:02:47.465Z",
        "modified_by": "b4ed23e8-9a61-49a0-96a2-fa4c730d5fa9",
        "groups": [],
        "user_permissions": []
    }
},
{
    "model": "workflows.service",
    "pk": "69fea6d9-bf2c-4eb6-9605-1a78145b9549",
    "fields": {
        "parent": null,
        "name": "Templates",
        "description": null,
        "owner": "dba542f1-dea7-4b29-9352-76c0145101bd",
        "organization": null,
        "is_meta": true,
        "created_at": "2022-05-28T00:56:14.565Z",
        "created_by": "dba542f1-dea7-4b29-9352-76c0145101bd",
        "modified_at": "2022-05-28T00:56:14.565Z",
        "modified_by": "b4ed23e8-9a61-49a0-96a2-fa4c730d5fa9"
    }
},
{
    "model": "workflows.service",
    "pk": "b9c7979a-d147-4766-8625-9e225801624d",
    "fields": {
        "parent": null,
        "name": "Data",
        "description": "All internal services related to data",
        "owner": "b4ed23e8-9a61-49a0-96a2-fa4c730d5fa9",
        "organization": null,
        "is_meta": false,
        "created_at": "2022-06-02T08:35:21.097Z",
        "created_by": "b4ed23e8-9a61-49a0-96a2-fa4c730d5fa9",
        "modified_at": "2022-06-29T08:46:47.794Z",
        "modified_by": "b4ed23e8-9a61-49a0-96a2-fa4c730d5fa9"
    }
},
{
    "model": "workflows.workflow",
    "pk": "23d276e2-ce4a-4136-b2cc-286908b0c8f3",
    "fields": {
        "service": "69fea6d9-bf2c-4eb6-9605-1a78145b9549",
        "name": "Changes to managed resources",
        "description": null,
        "slug": "",
        "is_template": true,
        "is_public": true,
        "index": 2,
        "created_at": "2022-05-28T00:56:14.565Z",
        "created_by": "dba542f1-dea7-4b29-9352-76c0145101bd",
        "modified_at": "2022-05-28T00:56:14.565Z",
        "modified_by": "b4ed23e8-9a61-49a0-96a2-fa4c730d5fa9"
    }
},
{
    "model": "workflows.workflow",
    "pk": "66f4fc18-6b19-48e4-98c7-c1d0eef7852f",
    "fields": {
        "service": "b9c7979a-d147-4766-8625-9e225801624d",
        "name": "Specify data requirement",
        "description": "",
        "slug": "specify-data-requirement",
        "is_template": false,
        "is_public": false,
        "index": 1,
        "created_at": "2022-06-02T12:08:59.931Z",
        "created_by": "b4ed23e8-9a61-49a0-96a2-fa4c730d5fa9",
        "modified_at": "2022-06-02T12:08:59.932Z",
        "modified_by": "b4ed23e8-9a61-49a0-96a2-fa4c730d5fa9"
    }
},
{
    "model": "workflows.workflow",
    "pk": "85dbc347-4827-4efe-978c-d27288a32734",
    "fields": {
        "service": "69fea6d9-bf2c-4eb6-9605-1a78145b9549",
        "name": "Risks that can be handled by operations",
        "description": null,
        "slug": "",
        "is_template": true,
        "is_public": true,
        "index": 8,
        "created_at": "2022-05-28T00:56:14.565Z",
        "created_by": "dba542f1-dea7-4b29-9352-76c0145101bd",
        "modified_at": "2022-05-28T00:56:14.565Z",
        "modified_by": "b4ed23e8-9a61-49a0-96a2-fa4c730d5fa9"
    }
},
{
    "model": "workflows.workflow",
    "pk": "928ff479-3172-475c-9163-443dfad02bc7",
    "fields": {
        "service": "69fea6d9-bf2c-4eb6-9605-1a78145b9549",
        "name": "Risks with changes to managed resources",
        "description": null,
        "slug": "",
        "is_template": true,
        "is_public": true,
        "index": 7,
        "created_at": "2022-05-28T00:56:14.565Z",
        "created_by": "dba542f1-dea7-4b29-9352-76c0145101bd",
        "modified_at": "2022-05-28T00:56:14.565Z",
        "modified_by": "b4ed23e8-9a61-49a0-96a2-fa4c730d5fa9"
    }
},
{
    "model": "workflows.workflow",
    "pk": "ad15374b-5c03-4bc6-8efe-a4ada375d553",
    "fields": {
        "service": "69fea6d9-bf2c-4eb6-9605-1a78145b9549",
        "name": "Risks with changes to agreements",
        "description": null,
        "slug": "",
        "is_template": true,
        "is_public": true,
        "index": 6,
        "created_at": "2022-05-28T00:56:14.565Z",
        "created_by": "dba542f1-dea7-4b29-9352-76c0145101bd",
        "modified_at": "2022-05-28T00:56:14.565Z",
        "modified_by": "b4ed23e8-9a61-49a0-96a2-fa4c730d5fa9"
    }
},
{
    "model": "workflows.workflow",
    "pk": "b94479e2-ce36-4beb-9e5f-76a0cf57967e",
    "fields": {
        "service": "69fea6d9-bf2c-4eb6-9605-1a78145b9549",
        "name": "Incidents without changes to managed resources",
        "description": null,
        "slug": "",
        "is_template": true,
        "is_public": true,
        "index": 4,
        "created_at": "2022-05-28T00:56:14.565Z",
        "created_by": "dba542f1-dea7-4b29-9352-76c0145101bd",
        "modified_at": "2022-05-28T00:56:14.565Z",
        "modified_by": "b4ed23e8-9a61-49a0-96a2-fa4c730d5fa9"
    }
},
{
    "model": "workflows.workflow",
    "pk": "b9c36dfa-df66-4877-bd07-cd738d5f3792",
    "fields": {
        "service": "69fea6d9-bf2c-4eb6-9605-1a78145b9549",
        "name": "Changes to agreements",
        "description": null,
        "slug": "",
        "is_template": true,
        "is_public": true,
        "index": 1,
        "created_at": "2022-05-28T00:56:14.565Z",
        "created_by": "dba542f1-dea7-4b29-9352-76c0145101bd",
        "modified_at": "2022-05-28T00:56:14.565Z",
        "modified_by": "b4ed23e8-9a61-49a0-96a2-fa4c730d5fa9"
    }
},
{
    "model": "workflows.workflow",
    "pk": "c16ee604-233b-42c9-a03f-6a10c96d8064",
    "fields": {
        "service": "69fea6d9-bf2c-4eb6-9605-1a78145b9549",
        "name": "Incident with changes to managed resources",
        "description": null,
        "slug": "",
        "is_template": true,
        "is_public": true,
        "index": 3,
        "created_at": "2022-05-28T00:56:14.565Z",
        "created_by": "dba542f1-dea7-4b29-9352-76c0145101bd",
        "modified_at": "2022-05-28T00:56:14.565Z",
        "modified_by": "b4ed23e8-9a61-49a0-96a2-fa4c730d5fa9"
    }
},
{
    "model": "workflows.workflow",
    "pk": "dde72b48-3201-4392-be75-c0887ecbe6e1",
    "fields": {
        "service": "69fea6d9-bf2c-4eb6-9605-1a78145b9549",
        "name": "Operate",
        "description": null,
        "slug": "operate",
        "is_template": true,
        "is_public": true,
        "index": 5,
        "created_at": "2022-05-28T00:56:14.565Z",
        "created_by": "dba542f1-dea7-4b29-9352-76c0145101bd",
        "modified_at": "2022-05-28T00:56:14.565Z",
        "modified_by": "b4ed23e8-9a61-49a0-96a2-fa4c730d5fa9"
    }
},
{
    "model": "workflows.profile",
    "pk": "1b535c69-f26c-43c2-9969-80268ef1944d",
    "fields": {
        "name": "Reference Data Team Scrum Master",
        "service": "b9c7979a-d147-4766-8625-9e225801624d",
        "created_at": "2022-06-02T11:48:53.302Z",
        "created_by": "b4ed23e8-9a61-49a0-96a2-fa4c730d5fa9",
        "modified_at": "2022-06-28T19:04:51.580Z",
        "modified_by": "b4ed23e8-9a61-49a0-96a2-fa4c730d5fa9"
    }
},
{
    "model": "workflows.profile",
    "pk": "3423ec84-760c-46e9-a34d-d071480a6bdf",
    "fields": {
        "name": "DTF",
        "service": "b9c7979a-d147-4766-8625-9e225801624d",
        "created_at": "2022-06-02T12:26:45.236Z",
        "created_by": "b4ed23e8-9a61-49a0-96a2-fa4c730d5fa9",
        "modified_at": "2022-06-02T12:26:45.236Z",
        "modified_by": "b4ed23e8-9a61-49a0-96a2-fa4c730d5fa9"
    }
},
{
    "model": "workflows.profile",
    "pk": "71795033-dea4-4ee9-b60f-cbced0ff0012",
    "fields": {
        "name": "Information architect",
        "service": "b9c7979a-d147-4766-8625-9e225801624d",
        "created_at": "2022-06-02T12:03:11.693Z",
        "created_by": "b4ed23e8-9a61-49a0-96a2-fa4c730d5fa9",
        "modified_at": "2022-06-02T12:03:11.693Z",
        "modified_by": "b4ed23e8-9a61-49a0-96a2-fa4c730d5fa9"
    }
},
{
    "model": "workflows.profile",
    "pk": "84b9b366-6ab4-43f7-a023-6c4f7e90cc8b",
    "fields": {
        "name": "Business stakeholder",
        "service": "b9c7979a-d147-4766-8625-9e225801624d",
        "created_at": "2022-06-02T12:13:22.754Z",
        "created_by": "b4ed23e8-9a61-49a0-96a2-fa4c730d5fa9",
        "modified_at": "2022-06-02T12:13:22.754Z",
        "modified_by": "b4ed23e8-9a61-49a0-96a2-fa4c730d5fa9"
    }
},
{
    "model": "workflows.profile",
    "pk": "9465395f-a2f3-4146-bcc4-b164c26ce248",
    "fields": {
        "name": "Higher management",
        "service": "b9c7979a-d147-4766-8625-9e225801624d",
        "created_at": "2022-06-02T12:25:54.948Z",
        "created_by": "b4ed23e8-9a61-49a0-96a2-fa4c730d5fa9",
        "modified_at": "2022-06-02T12:25:54.948Z",
        "modified_by": "b4ed23e8-9a61-49a0-96a2-fa4c730d5fa9"
    }
},
{
    "model": "workflows.profile",
    "pk": "a7793ed4-2abe-47a3-a9df-960db0f06beb",
    "fields": {
        "name": "Source integration team Scrum Master",
        "service": "b9c7979a-d147-4766-8625-9e225801624d",
        "created_at": "2022-06-10T11:17:05.039Z",
        "created_by": "b4ed23e8-9a61-49a0-96a2-fa4c730d5fa9",
        "modified_at": "2022-06-10T11:17:05.039Z",
        "modified_by": null
    }
},
{
    "model": "workflows.profile",
    "pk": "c37aa89b-c7e6-46de-997a-eb4bc917e1db",
    "fields": {
        "name": "Business analyst",
        "service": "b9c7979a-d147-4766-8625-9e225801624d",
        "created_at": "2022-06-02T12:12:35.375Z",
        "created_by": "b4ed23e8-9a61-49a0-96a2-fa4c730d5fa9",
        "modified_at": "2022-06-02T12:13:30.915Z",
        "modified_by": "b4ed23e8-9a61-49a0-96a2-fa4c730d5fa9"
    }
},
{
    "model": "workflows.profile",
    "pk": "ecbfbd1f-611d-426d-b62e-4bc0da5043d0",
    "fields": {
        "name": "Project's solution architect/analyst",
        "service": "b9c7979a-d147-4766-8625-9e225801624d",
        "created_at": "2022-06-02T12:02:54.542Z",
        "created_by": "b4ed23e8-9a61-49a0-96a2-fa4c730d5fa9",
        "modified_at": "2022-06-02T12:02:54.542Z",
        "modified_by": "b4ed23e8-9a61-49a0-96a2-fa4c730d5fa9"
    }
},
{
    "model": "workflows.profile",
    "pk": "f8e27ffd-8fbf-47f1-9c4f-098e39fc3de6",
    "fields": {
        "name": "Source system subject matter expert",
        "service": "b9c7979a-d147-4766-8625-9e225801624d",
        "created_at": "2022-06-02T12:03:25.207Z",
        "created_by": "b4ed23e8-9a61-49a0-96a2-fa4c730d5fa9",
        "modified_at": "2022-06-02T12:03:25.207Z",
        "modified_by": "b4ed23e8-9a61-49a0-96a2-fa4c730d5fa9"
    }
},
{
    "model": "workflows.step",
    "pk": "004bb8f6-d602-45d9-be29-64205c1a4584",
    "fields": {
        "index": 3,
        "name": "Prepare change",
        "description": "Draw up a roadmap, prepare the change to the production environment, and draw up a test plan and a deployment plan.",
        "workflow": "66f4fc18-6b19-48e4-98c7-c1d0eef7852f",
        "fork": null,
        "process_depth": 0,
        "process": "change",
        "created_at": "2022-06-02T12:08:59.998Z",
        "created_by": "dba542f1-dea7-4b29-9352-76c0145101bd",
        "modified_at": "2022-06-02T12:08:59.998Z",
        "modified_by": "b4ed23e8-9a61-49a0-96a2-fa4c730d5fa9"
    }
},
{
    "model": "workflows.step",
    "pk": "00820b9f-3228-487f-b683-847f7511922d",
    "fields": {
        "index": 8,
        "name": "Evaluate & close",
        "description": "Evaluate the call, complete the logging, submit improvement proposals, and close the call administratively.",
        "workflow": "b9c36dfa-df66-4877-bd07-cd738d5f3792",
        "fork": null,
        "process_depth": null,
        "process": "agree",
        "created_at": "2022-05-28T00:56:14.565Z",
        "created_by": "dba542f1-dea7-4b29-9352-76c0145101bd",
        "modified_at": "2022-05-28T00:56:14.565Z",
        "modified_by": "b4ed23e8-9a61-49a0-96a2-fa4c730d5fa9"
    }
},
{
    "model": "workflows.step",
    "pk": "01fd10fb-683c-4631-96f6-f68958096eda",
    "fields": {
        "index": 5,
        "name": "Review delivery & feedback",
        "description": "Check if the recovery has been completed. Verify this with the requester. Also notify any linked sub-incidents ready as well.",
        "workflow": "c16ee604-233b-42c9-a03f-6a10c96d8064",
        "fork": null,
        "process_depth": null,
        "process": "recover",
        "created_at": "2022-05-28T00:56:14.565Z",
        "created_by": "dba542f1-dea7-4b29-9352-76c0145101bd",
        "modified_at": "2022-05-28T00:56:14.565Z",
        "modified_by": "b4ed23e8-9a61-49a0-96a2-fa4c730d5fa9"
    }
},
{
    "model": "workflows.step",
    "pk": "04274cca-55ab-4612-92e3-37b0bc4fa1a5",
    "fields": {
        "index": 3,
        "name": "Specifying the service",
        "description": "Translate the functional design into a technical design to realize the wish.",
        "workflow": "b9c36dfa-df66-4877-bd07-cd738d5f3792",
        "fork": null,
        "process_depth": null,
        "process": "agree",
        "created_at": "2022-05-28T00:56:14.565Z",
        "created_by": "dba542f1-dea7-4b29-9352-76c0145101bd",
        "modified_at": "2022-05-28T00:56:14.565Z",
        "modified_by": "b4ed23e8-9a61-49a0-96a2-fa4c730d5fa9"
    }
},
{
    "model": "workflows.step",
    "pk": "042997b3-a2b5-429e-a203-c7608f41be44",
    "fields": {
        "index": 4,
        "name": "Execute activities",
        "description": "Handle the service request as requested.",
        "workflow": "dde72b48-3201-4392-be75-c0887ecbe6e1",
        "fork": null,
        "process_depth": null,
        "process": "operate",
        "created_at": "2022-05-28T00:56:14.565Z",
        "created_by": "dba542f1-dea7-4b29-9352-76c0145101bd",
        "modified_at": "2022-05-28T00:56:14.565Z",
        "modified_by": "b4ed23e8-9a61-49a0-96a2-fa4c730d5fa9"
    }
},
{
    "model": "workflows.step",
    "pk": "0442a659-6bb9-494d-89f1-f147a628278f",
    "fields": {
        "index": 3,
        "name": "Prepare recovery",
        "description": "Prepare the solution to recover from the failure. Submit an RFC or a service request.",
        "workflow": "c16ee604-233b-42c9-a03f-6a10c96d8064",
        "fork": null,
        "process_depth": null,
        "process": "recover",
        "created_at": "2022-05-28T00:56:14.565Z",
        "created_by": "dba542f1-dea7-4b29-9352-76c0145101bd",
        "modified_at": "2022-05-28T00:56:14.565Z",
        "modified_by": "b4ed23e8-9a61-49a0-96a2-fa4c730d5fa9"
    }
},
{
    "model": "workflows.step",
    "pk": "0568359a-2981-4a77-8da0-184b1d84ff19",
    "fields": {
        "index": 4,
        "name": "Draft offer",
        "description": "Draw up the quotation for the realization of the wish.",
        "workflow": "b9c36dfa-df66-4877-bd07-cd738d5f3792",
        "fork": null,
        "process_depth": null,
        "process": "agree",
        "created_at": "2022-05-28T00:56:14.565Z",
        "created_by": "dba542f1-dea7-4b29-9352-76c0145101bd",
        "modified_at": "2022-05-28T00:56:14.565Z",
        "modified_by": "b4ed23e8-9a61-49a0-96a2-fa4c730d5fa9"
    }
},
{
    "model": "workflows.step",
    "pk": "0a49f561-a179-4067-a3cc-8ccb0ccd032f",
    "fields": {
        "index": 2,
        "name": "Classify",
        "description": "Categorize and prioritize the risk.",
        "workflow": "ad15374b-5c03-4bc6-8efe-a4ada375d553",
        "fork": null,
        "process_depth": null,
        "process": "improve",
        "created_at": "2022-05-28T00:56:14.565Z",
        "created_by": "dba542f1-dea7-4b29-9352-76c0145101bd",
        "modified_at": "2022-05-28T00:56:14.565Z",
        "modified_by": "b4ed23e8-9a61-49a0-96a2-fa4c730d5fa9"
    }
},
{
    "model": "workflows.step",
    "pk": "0adb622d-c5bd-4be3-ba74-e956951321b9",
    "fields": {
        "index": 4,
        "name": "Test & release",
        "description": "Run the scheduled tests. Record the results in a test report. Have the prepared change accepted for production.",
        "workflow": "66f4fc18-6b19-48e4-98c7-c1d0eef7852f",
        "fork": null,
        "process_depth": 0,
        "process": "change",
        "created_at": "2022-06-02T12:09:00.016Z",
        "created_by": "dba542f1-dea7-4b29-9352-76c0145101bd",
        "modified_at": "2022-06-02T12:09:00.016Z",
        "modified_by": "b4ed23e8-9a61-49a0-96a2-fa4c730d5fa9"
    }
},
{
    "model": "workflows.step",
    "pk": "0af9db37-e926-400f-8e2b-3fdb97ef4d1f",
    "fields": {
        "index": 5,
        "name": "Review delivery & feedback",
        "description": "Check if the recovery has been completed. Verify this with the requester. Also notify any linked sub-incidents ready as well.",
        "workflow": "b94479e2-ce36-4beb-9e5f-76a0cf57967e",
        "fork": null,
        "process_depth": null,
        "process": "recover",
        "created_at": "2022-05-28T00:56:14.565Z",
        "created_by": "dba542f1-dea7-4b29-9352-76c0145101bd",
        "modified_at": "2022-05-28T00:56:14.565Z",
        "modified_by": "b4ed23e8-9a61-49a0-96a2-fa4c730d5fa9"
    }
},
{
    "model": "workflows.step",
    "pk": "12357ef7-73a7-42d7-9285-0768b80b7e33",
    "fields": {
        "index": 2,
        "name": "Classify",
        "description": "Categorize and prioritize the RFC.",
        "workflow": "66f4fc18-6b19-48e4-98c7-c1d0eef7852f",
        "fork": null,
        "process_depth": 0,
        "process": "change",
        "created_at": "2022-06-02T12:08:59.980Z",
        "created_by": "dba542f1-dea7-4b29-9352-76c0145101bd",
        "modified_at": "2022-06-02T12:08:59.980Z",
        "modified_by": "b4ed23e8-9a61-49a0-96a2-fa4c730d5fa9"
    }
},
{
    "model": "workflows.step",
    "pk": "17d99831-0b2e-4dcd-bf21-7461d24d9446",
    "fields": {
        "index": 5,
        "name": "Deploy",
        "description": "Submit a service request for the deployment. OPS takes the modified components into production according to the supplied deployment roadmap. Discuss the quotation and adjust it until the changement has been reached.",
        "workflow": "66f4fc18-6b19-48e4-98c7-c1d0eef7852f",
        "fork": "dde72b48-3201-4392-be75-c0887ecbe6e1",
        "process_depth": 0,
        "process": "change",
        "created_at": "2022-06-02T12:09:00.034Z",
        "created_by": "dba542f1-dea7-4b29-9352-76c0145101bd",
        "modified_at": "2022-06-02T12:09:00.034Z",
        "modified_by": "b4ed23e8-9a61-49a0-96a2-fa4c730d5fa9"
    }
},
{
    "model": "workflows.step",
    "pk": "1e9780f0-11f9-4298-aba2-54fa1ddcb162",
    "fields": {
        "index": 6,
        "name": "Evaluate & close",
        "description": "Evaluate the call. Complete the administration. Submit improvement proposals. Close the call administratively.",
        "workflow": "b94479e2-ce36-4beb-9e5f-76a0cf57967e",
        "fork": null,
        "process_depth": null,
        "process": "recover",
        "created_at": "2022-05-28T00:56:14.565Z",
        "created_by": "dba542f1-dea7-4b29-9352-76c0145101bd",
        "modified_at": "2022-05-28T00:56:14.565Z",
        "modified_by": "b4ed23e8-9a61-49a0-96a2-fa4c730d5fa9"
    }
},
{
    "model": "workflows.step",
    "pk": "26320943-4b05-4ec0-8795-8c8cdc770669",
    "fields": {
        "index": 7,
        "name": "Evaluate & close",
        "description": "Evaluate the call, complete the administration, submit improvement proposals, and close the call administratively.",
        "workflow": "ad15374b-5c03-4bc6-8efe-a4ada375d553",
        "fork": null,
        "process_depth": null,
        "process": "improve",
        "created_at": "2022-05-28T00:56:14.565Z",
        "created_by": "dba542f1-dea7-4b29-9352-76c0145101bd",
        "modified_at": "2022-05-28T00:56:14.565Z",
        "modified_by": "b4ed23e8-9a61-49a0-96a2-fa4c730d5fa9"
    }
},
{
    "model": "workflows.step",
    "pk": "266343d4-fb11-42be-9bbb-d82207f11c7e",
    "fields": {
        "index": 2,
        "name": "Classify",
        "description": "Categorize and prioritize the RFC.",
        "workflow": "23d276e2-ce4a-4136-b2cc-286908b0c8f3",
        "fork": null,
        "process_depth": null,
        "process": "change",
        "created_at": "2022-05-28T00:56:14.565Z",
        "created_by": "dba542f1-dea7-4b29-9352-76c0145101bd",
        "modified_at": "2022-05-28T00:56:14.565Z",
        "modified_by": "b4ed23e8-9a61-49a0-96a2-fa4c730d5fa9"
    }
},
{
    "model": "workflows.step",
    "pk": "2774a295-9873-4723-9ad3-72b4b74b774f",
    "fields": {
        "index": 6,
        "name": "Evaluate & close",
        "description": "Evaluate the call. Complete the administration. Submit improvement proposals. Close the call administratively.",
        "workflow": "c16ee604-233b-42c9-a03f-6a10c96d8064",
        "fork": null,
        "process_depth": null,
        "process": "recover",
        "created_at": "2022-05-28T00:56:14.565Z",
        "created_by": "dba542f1-dea7-4b29-9352-76c0145101bd",
        "modified_at": "2022-05-28T00:56:14.565Z",
        "modified_by": "b4ed23e8-9a61-49a0-96a2-fa4c730d5fa9"
    }
},
{
    "model": "workflows.step",
    "pk": "2b794399-9945-467e-ba7c-002b4f2212e8",
    "fields": {
        "index": 1,
        "name": "Accept incident",
        "description": "Log the incident. Link it to the service and infrastructure to which the call relates, and possibly to other incidents that are still handled. Verify the requester’s authorization.",
        "workflow": "b94479e2-ce36-4beb-9e5f-76a0cf57967e",
        "fork": null,
        "process_depth": null,
        "process": "recover",
        "created_at": "2022-05-28T00:56:14.565Z",
        "created_by": "dba542f1-dea7-4b29-9352-76c0145101bd",
        "modified_at": "2022-05-28T00:56:14.565Z",
        "modified_by": "b4ed23e8-9a61-49a0-96a2-fa4c730d5fa9"
    }
},
{
    "model": "workflows.step",
    "pk": "2e7dde69-c032-4371-a595-ecdab27dff32",
    "fields": {
        "index": 6,
        "name": "Evaluate & close",
        "description": "Evaluate the call. Complete the administration. Submit improvement proposals. Close the call administratively.",
        "workflow": "dde72b48-3201-4392-be75-c0887ecbe6e1",
        "fork": null,
        "process_depth": null,
        "process": "operate",
        "created_at": "2022-05-28T00:56:14.565Z",
        "created_by": "dba542f1-dea7-4b29-9352-76c0145101bd",
        "modified_at": "2022-05-28T00:56:14.565Z",
        "modified_by": "b4ed23e8-9a61-49a0-96a2-fa4c730d5fa9"
    }
},
{
    "model": "workflows.step",
    "pk": "2f1f93dd-ad50-4fb6-b5e5-ec459a7be538",
    "fields": {
        "index": 7,
        "name": "Review delivery & feedback",
        "description": "Check whether the wish has been realized, and verify this with the requester. Notify linked wishes ready as well.",
        "workflow": "b9c36dfa-df66-4877-bd07-cd738d5f3792",
        "fork": null,
        "process_depth": null,
        "process": "agree",
        "created_at": "2022-05-28T00:56:14.565Z",
        "created_by": "dba542f1-dea7-4b29-9352-76c0145101bd",
        "modified_at": "2022-05-28T00:56:14.565Z",
        "modified_by": "b4ed23e8-9a61-49a0-96a2-fa4c730d5fa9"
    }
},
{
    "model": "workflows.step",
    "pk": "3b6c5a63-6f06-4913-88dc-90dd4d65980c",
    "fields": {
        "index": 3,
        "name": "Determine cause",
        "description": "To mitigate or foster a risk, the cause must first be determined.",
        "workflow": "928ff479-3172-475c-9163-443dfad02bc7",
        "fork": null,
        "process_depth": null,
        "process": "improve",
        "created_at": "2022-05-28T00:56:14.565Z",
        "created_by": "dba542f1-dea7-4b29-9352-76c0145101bd",
        "modified_at": "2022-05-28T00:56:14.565Z",
        "modified_by": "b4ed23e8-9a61-49a0-96a2-fa4c730d5fa9"
    }
},
{
    "model": "workflows.step",
    "pk": "452df24e-0de5-4dbb-9541-28ca577ce442",
    "fields": {
        "index": 5,
        "name": "Deploy",
        "description": "Submit a service request for the deployment. OPS takes the modified components into production according to the supplied deployment roadmap. Discuss the quotation and adjust it until the changement has been reached.",
        "workflow": "23d276e2-ce4a-4136-b2cc-286908b0c8f3",
        "fork": "dde72b48-3201-4392-be75-c0887ecbe6e1",
        "process_depth": null,
        "process": "change",
        "created_at": "2022-05-28T00:56:14.565Z",
        "created_by": "dba542f1-dea7-4b29-9352-76c0145101bd",
        "modified_at": "2022-05-28T00:56:14.565Z",
        "modified_by": "b4ed23e8-9a61-49a0-96a2-fa4c730d5fa9"
    }
},
{
    "model": "workflows.step",
    "pk": "4760bd63-f940-4f9c-9be3-e43b6f609753",
    "fields": {
        "index": 7,
        "name": "Evaluate & close",
        "description": "Evaluate the call, complete the administration, submit improvement proposals, and close the call administratively.",
        "workflow": "928ff479-3172-475c-9163-443dfad02bc7",
        "fork": null,
        "process_depth": null,
        "process": "improve",
        "created_at": "2022-05-28T00:56:14.565Z",
        "created_by": "dba542f1-dea7-4b29-9352-76c0145101bd",
        "modified_at": "2022-05-28T00:56:14.565Z",
        "modified_by": "b4ed23e8-9a61-49a0-96a2-fa4c730d5fa9"
    }
},
{
    "model": "workflows.step",
    "pk": "4a582360-b449-47fa-8f3f-6e769f12edc2",
    "fields": {
        "index": 7,
        "name": "Evaluate & close",
        "description": "Evaluate the call, complete the administration, submit improvement proposals, and close the call administratively.",
        "workflow": "85dbc347-4827-4efe-978c-d27288a32734",
        "fork": null,
        "process_depth": null,
        "process": "improve",
        "created_at": "2022-05-28T00:56:14.565Z",
        "created_by": "dba542f1-dea7-4b29-9352-76c0145101bd",
        "modified_at": "2022-05-28T00:56:14.565Z",
        "modified_by": "b4ed23e8-9a61-49a0-96a2-fa4c730d5fa9"
    }
},
{
    "model": "workflows.step",
    "pk": "5514f50a-24d4-4adb-8b6c-86833d5eb522",
    "fields": {
        "index": 12,
        "name": "Review delivery & feedback",
        "description": "Check whether the requested change has been delivered, and verify this with the requester. Also, notify any linked RFCs ready.",
        "workflow": "66f4fc18-6b19-48e4-98c7-c1d0eef7852f",
        "fork": null,
        "process_depth": 0,
        "process": "change",
        "created_at": "2022-06-02T12:09:00.165Z",
        "created_by": "dba542f1-dea7-4b29-9352-76c0145101bd",
        "modified_at": "2022-06-02T12:09:00.166Z",
        "modified_by": "b4ed23e8-9a61-49a0-96a2-fa4c730d5fa9"
    }
},
{
    "model": "workflows.step",
    "pk": "5a11a2ee-ef99-48c8-a317-144fcea354dd",
    "fields": {
        "index": 7,
        "name": "Classify",
        "description": "Categorize and prioritize the service request.",
        "workflow": "66f4fc18-6b19-48e4-98c7-c1d0eef7852f",
        "fork": null,
        "process_depth": 1,
        "process": "operate",
        "created_at": "2022-06-02T12:09:00.076Z",
        "created_by": "dba542f1-dea7-4b29-9352-76c0145101bd",
        "modified_at": "2022-06-02T12:09:00.076Z",
        "modified_by": "b4ed23e8-9a61-49a0-96a2-fa4c730d5fa9"
    }
},
{
    "model": "workflows.step",
    "pk": "5e281b7d-884e-4fd0-b956-e5f8ca64b6cc",
    "fields": {
        "index": 8,
        "name": "Evaluate & close",
        "description": "Evaluate the call, complete the administration, submit improvement proposals, and close the call administratively.",
        "workflow": "23d276e2-ce4a-4136-b2cc-286908b0c8f3",
        "fork": null,
        "process_depth": null,
        "process": "change",
        "created_at": "2022-05-28T00:56:14.565Z",
        "created_by": "dba542f1-dea7-4b29-9352-76c0145101bd",
        "modified_at": "2022-05-28T00:56:14.565Z",
        "modified_by": "b4ed23e8-9a61-49a0-96a2-fa4c730d5fa9"
    }
},
{
    "model": "workflows.step",
    "pk": "5e8e35be-ed03-4c40-9223-893dd1d7277d",
    "fields": {
        "index": 4,
        "name": "Test & release",
        "description": "Run the scheduled tests. Record the results in a test report. Have the prepared change accepted for production.",
        "workflow": "23d276e2-ce4a-4136-b2cc-286908b0c8f3",
        "fork": null,
        "process_depth": null,
        "process": "change",
        "created_at": "2022-05-28T00:56:14.565Z",
        "created_by": "dba542f1-dea7-4b29-9352-76c0145101bd",
        "modified_at": "2022-05-28T00:56:14.565Z",
        "modified_by": "b4ed23e8-9a61-49a0-96a2-fa4c730d5fa9"
    }
},
{
    "model": "workflows.step",
    "pk": "6017694c-f7e0-4afb-b259-867a4829af9c",
    "fields": {
        "index": 1,
        "name": "Accept service requests",
        "description": "Register the service request. Link this to the service and infrastructure to which the request relates, and possibly to other service requests that are still handled. Verify the requester’s authorization.",
        "workflow": "dde72b48-3201-4392-be75-c0887ecbe6e1",
        "fork": null,
        "process_depth": null,
        "process": "operate",
        "created_at": "2022-05-28T00:56:14.565Z",
        "created_by": "dba542f1-dea7-4b29-9352-76c0145101bd",
        "modified_at": "2022-05-28T00:56:14.565Z",
        "modified_by": "b4ed23e8-9a61-49a0-96a2-fa4c730d5fa9"
    }
},
{
    "model": "workflows.step",
    "pk": "6ac12358-7136-411c-807e-95c84b9506cf",
    "fields": {
        "index": 7,
        "name": "Update CMDB",
        "description": "Check whether the wish has been realized, and verify this with the requester. Notify linked wishes ready as well.",
        "workflow": "23d276e2-ce4a-4136-b2cc-286908b0c8f3",
        "fork": null,
        "process_depth": null,
        "process": "change",
        "created_at": "2022-05-28T00:56:14.565Z",
        "created_by": "dba542f1-dea7-4b29-9352-76c0145101bd",
        "modified_at": "2022-05-28T00:56:14.565Z",
        "modified_by": "b4ed23e8-9a61-49a0-96a2-fa4c730d5fa9"
    }
},
{
    "model": "workflows.step",
    "pk": "6c61a7cf-c914-4b3e-ab0d-5b7bbe1d2ba5",
    "fields": {
        "index": 6,
        "name": "Review delivery & feedback",
        "description": "Verify that the risk has been mitigated. Verify this with the requester. Also, notify any associated risks ready as well.",
        "workflow": "ad15374b-5c03-4bc6-8efe-a4ada375d553",
        "fork": null,
        "process_depth": null,
        "process": "improve",
        "created_at": "2022-05-28T00:56:14.565Z",
        "created_by": "dba542f1-dea7-4b29-9352-76c0145101bd",
        "modified_at": "2022-05-28T00:56:14.565Z",
        "modified_by": "b4ed23e8-9a61-49a0-96a2-fa4c730d5fa9"
    }
},
{
    "model": "workflows.step",
    "pk": "70ef6f0a-b88c-48dc-97e2-04f2dca8f274",
    "fields": {
        "index": 3,
        "name": "Plan the activities",
        "description": "Plan the activities on the OPS calendar for all operational actions.",
        "workflow": "dde72b48-3201-4392-be75-c0887ecbe6e1",
        "fork": null,
        "process_depth": null,
        "process": "operate",
        "created_at": "2022-05-28T00:56:14.565Z",
        "created_by": "dba542f1-dea7-4b29-9352-76c0145101bd",
        "modified_at": "2022-05-28T00:56:14.565Z",
        "modified_by": "b4ed23e8-9a61-49a0-96a2-fa4c730d5fa9"
    }
},
{
    "model": "workflows.step",
    "pk": "715c09d0-8d56-4ee9-8df1-826599f21d8b",
    "fields": {
        "index": 2,
        "name": "Classify",
        "description": "Categorize and prioritize the incident.",
        "workflow": "b94479e2-ce36-4beb-9e5f-76a0cf57967e",
        "fork": null,
        "process_depth": null,
        "process": "recover",
        "created_at": "2022-05-28T00:56:14.565Z",
        "created_by": "dba542f1-dea7-4b29-9352-76c0145101bd",
        "modified_at": "2022-05-28T00:56:14.565Z",
        "modified_by": "b4ed23e8-9a61-49a0-96a2-fa4c730d5fa9"
    }
},
{
    "model": "workflows.step",
    "pk": "71ae752b-9def-4ccc-8f4e-7585b800c976",
    "fields": {
        "index": 2,
        "name": "Classify",
        "description": "Categorize and prioritize the risk.",
        "workflow": "928ff479-3172-475c-9163-443dfad02bc7",
        "fork": null,
        "process_depth": null,
        "process": "improve",
        "created_at": "2022-05-28T00:56:14.565Z",
        "created_by": "dba542f1-dea7-4b29-9352-76c0145101bd",
        "modified_at": "2022-05-28T00:56:14.565Z",
        "modified_by": "b4ed23e8-9a61-49a0-96a2-fa4c730d5fa9"
    }
},
{
    "model": "workflows.step",
    "pk": "77ef59ee-69ea-4ea0-926d-1b763c9af899",
    "fields": {
        "index": 5,
        "name": "Deploy measure",
        "description": "Depending on the selected measure, processing continues with workflow changes to agreements, changes to managed infrastructure, or operate",
        "workflow": "ad15374b-5c03-4bc6-8efe-a4ada375d553",
        "fork": "b9c36dfa-df66-4877-bd07-cd738d5f3792",
        "process_depth": null,
        "process": "improve",
        "created_at": "2022-05-28T00:56:14.565Z",
        "created_by": "dba542f1-dea7-4b29-9352-76c0145101bd",
        "modified_at": "2022-05-28T00:56:14.565Z",
        "modified_by": "b4ed23e8-9a61-49a0-96a2-fa4c730d5fa9"
    }
},
{
    "model": "workflows.step",
    "pk": "790c6fa4-b2ef-4e2d-a2f8-a671b971c5c0",
    "fields": {
        "index": 6,
        "name": "Review delivery & feedback",
        "description": "Verify that the risk has been mitigated. Verify this with the requester. Also, notify any associated risks ready as well.",
        "workflow": "928ff479-3172-475c-9163-443dfad02bc7",
        "fork": null,
        "process_depth": null,
        "process": "improve",
        "created_at": "2022-05-28T00:56:14.565Z",
        "created_by": "dba542f1-dea7-4b29-9352-76c0145101bd",
        "modified_at": "2022-05-28T00:56:14.565Z",
        "modified_by": "b4ed23e8-9a61-49a0-96a2-fa4c730d5fa9"
    }
},
{
    "model": "workflows.step",
    "pk": "7be84f72-22a8-466a-9360-216b48fcb24c",
    "fields": {
        "index": 13,
        "name": "Update CMDB",
        "description": "Check whether the wish has been realized, and verify this with the requester. Notify linked wishes ready as well.",
        "workflow": "66f4fc18-6b19-48e4-98c7-c1d0eef7852f",
        "fork": null,
        "process_depth": 0,
        "process": "change",
        "created_at": "2022-06-02T12:09:00.183Z",
        "created_by": "dba542f1-dea7-4b29-9352-76c0145101bd",
        "modified_at": "2022-06-02T12:09:00.183Z",
        "modified_by": "b4ed23e8-9a61-49a0-96a2-fa4c730d5fa9"
    }
},
{
    "model": "workflows.step",
    "pk": "8a601ff2-ef63-46da-88ff-939062d48a9c",
    "fields": {
        "index": 1,
        "name": "Identifying risks",
        "description": "Register the risk. Link this to the service and infrastructure to which the risk relates, and possibly to other risks that are still handled.",
        "workflow": "ad15374b-5c03-4bc6-8efe-a4ada375d553",
        "fork": null,
        "process_depth": null,
        "process": "improve",
        "created_at": "2022-05-28T00:56:14.565Z",
        "created_by": "dba542f1-dea7-4b29-9352-76c0145101bd",
        "modified_at": "2022-05-28T00:56:14.565Z",
        "modified_by": "b4ed23e8-9a61-49a0-96a2-fa4c730d5fa9"
    }
},
{
    "model": "workflows.step",
    "pk": "8f83b353-b9a9-4faa-a75b-75c3de2565ae",
    "fields": {
        "index": 14,
        "name": "Evaluate & close",
        "description": "Evaluate the call, complete the administration, submit improvement proposals, and close the call administratively.",
        "workflow": "66f4fc18-6b19-48e4-98c7-c1d0eef7852f",
        "fork": null,
        "process_depth": 0,
        "process": "change",
        "created_at": "2022-06-02T12:09:00.201Z",
        "created_by": "dba542f1-dea7-4b29-9352-76c0145101bd",
        "modified_at": "2022-06-02T12:09:00.201Z",
        "modified_by": "b4ed23e8-9a61-49a0-96a2-fa4c730d5fa9"
    }
},
{
    "model": "workflows.step",
    "pk": "91e6d02e-f434-463d-a691-d64af7480d58",
    "fields": {
        "index": 6,
        "name": "Realize",
        "description": "Submit an RFC for the realization of the agreed service.",
        "workflow": "b9c36dfa-df66-4877-bd07-cd738d5f3792",
        "fork": "23d276e2-ce4a-4136-b2cc-286908b0c8f3",
        "process_depth": null,
        "process": "agree",
        "created_at": "2022-05-28T00:56:14.565Z",
        "created_by": "dba542f1-dea7-4b29-9352-76c0145101bd",
        "modified_at": "2022-05-28T00:56:14.565Z",
        "modified_by": "b4ed23e8-9a61-49a0-96a2-fa4c730d5fa9"
    }
},
{
    "model": "workflows.step",
    "pk": "927f66a4-78b8-47f3-8006-74df28ebf45e",
    "fields": {
        "index": 3,
        "name": "Prepare recovery",
        "description": "Prepare the solution to recover from the failure. Submit an RFC or a service request.",
        "workflow": "b94479e2-ce36-4beb-9e5f-76a0cf57967e",
        "fork": null,
        "process_depth": null,
        "process": "recover",
        "created_at": "2022-05-28T00:56:14.565Z",
        "created_by": "dba542f1-dea7-4b29-9352-76c0145101bd",
        "modified_at": "2022-05-28T00:56:14.565Z",
        "modified_by": "b4ed23e8-9a61-49a0-96a2-fa4c730d5fa9"
    }
},
{
    "model": "workflows.step",
    "pk": "9b1b18f7-7779-4571-8843-c9949aef4139",
    "fields": {
        "index": 8,
        "name": "Plan the activities",
        "description": "Plan the activities on the OPS calendar for all operational actions.",
        "workflow": "66f4fc18-6b19-48e4-98c7-c1d0eef7852f",
        "fork": null,
        "process_depth": 1,
        "process": "operate",
        "created_at": "2022-06-02T12:09:00.094Z",
        "created_by": "dba542f1-dea7-4b29-9352-76c0145101bd",
        "modified_at": "2022-06-02T12:09:00.094Z",
        "modified_by": "b4ed23e8-9a61-49a0-96a2-fa4c730d5fa9"
    }
},
{
    "model": "workflows.step",
    "pk": "9be1f425-d5af-4eb7-99f5-f52a709e442c",
    "fields": {
        "index": 1,
        "name": "Accept RFC",
        "description": "Register the RFC, and link it to the service and infrastructure to which the request relates and optionally to any previously submitted RFCs that are still being handled. Verify the requester's authorization.",
        "workflow": "23d276e2-ce4a-4136-b2cc-286908b0c8f3",
        "fork": null,
        "process_depth": null,
        "process": "change",
        "created_at": "2022-05-28T00:56:14.565Z",
        "created_by": "dba542f1-dea7-4b29-9352-76c0145101bd",
        "modified_at": "2022-05-28T00:56:14.565Z",
        "modified_by": "b4ed23e8-9a61-49a0-96a2-fa4c730d5fa9"
    }
},
{
    "model": "workflows.step",
    "pk": "9db609c2-67b6-47ca-863e-e017693e5f71",
    "fields": {
        "index": 5,
        "name": "Review delivery & feedback",
        "description": "Check if the service request has been realized. Verify this with the requester. Also, notify any linked service request ready as well.",
        "workflow": "dde72b48-3201-4392-be75-c0887ecbe6e1",
        "fork": null,
        "process_depth": null,
        "process": "operate",
        "created_at": "2022-05-28T00:56:14.565Z",
        "created_by": "dba542f1-dea7-4b29-9352-76c0145101bd",
        "modified_at": "2022-05-28T00:56:14.565Z",
        "modified_by": "b4ed23e8-9a61-49a0-96a2-fa4c730d5fa9"
    }
},
{
    "model": "workflows.step",
    "pk": "a2b36437-6f89-4718-a7f3-5c88b01ee421",
    "fields": {
        "index": 4,
        "name": "Recover",
        "description": "Fix the failure via an RFC or a service request.",
        "workflow": "c16ee604-233b-42c9-a03f-6a10c96d8064",
        "fork": "23d276e2-ce4a-4136-b2cc-286908b0c8f3",
        "process_depth": null,
        "process": "recover",
        "created_at": "2022-05-28T00:56:14.565Z",
        "created_by": "dba542f1-dea7-4b29-9352-76c0145101bd",
        "modified_at": "2022-05-28T00:56:14.565Z",
        "modified_by": "b4ed23e8-9a61-49a0-96a2-fa4c730d5fa9"
    }
},
{
    "model": "workflows.step",
    "pk": "ae73df8e-c046-4a6a-828e-6db635063cca",
    "fields": {
        "index": 5,
        "name": "Deploy measure",
        "description": "Depending on the selected measure, processing continues with workflow changes to agreements, changes to managed infrastructure, or operate",
        "workflow": "928ff479-3172-475c-9163-443dfad02bc7",
        "fork": "23d276e2-ce4a-4136-b2cc-286908b0c8f3",
        "process_depth": null,
        "process": "improve",
        "created_at": "2022-05-28T00:56:14.565Z",
        "created_by": "dba542f1-dea7-4b29-9352-76c0145101bd",
        "modified_at": "2022-05-28T00:56:14.565Z",
        "modified_by": "b4ed23e8-9a61-49a0-96a2-fa4c730d5fa9"
    }
},
{
    "model": "workflows.step",
    "pk": "b1041758-00c5-4c07-9f78-2c0ab4ed4c9d",
    "fields": {
        "index": 2,
        "name": "Classify",
        "description": "Categorize and prioritize the incident.",
        "workflow": "c16ee604-233b-42c9-a03f-6a10c96d8064",
        "fork": null,
        "process_depth": null,
        "process": "recover",
        "created_at": "2022-05-28T00:56:14.565Z",
        "created_by": "dba542f1-dea7-4b29-9352-76c0145101bd",
        "modified_at": "2022-05-28T00:56:14.565Z",
        "modified_by": "b4ed23e8-9a61-49a0-96a2-fa4c730d5fa9"
    }
},
{
    "model": "workflows.step",
    "pk": "b6401c5f-89d6-4a53-8d20-080705ef1797",
    "fields": {
        "index": 4,
        "name": "Select measure",
        "description": "In the event of a threat: identify possible measures to reduce the effect of the risk, once the cause has been identified. Limiting that effect is called mitigating. In case of an opportunity, look for possibilities to foster (stimulate) the intended effect.",
        "workflow": "85dbc347-4827-4efe-978c-d27288a32734",
        "fork": null,
        "process_depth": null,
        "process": "improve",
        "created_at": "2022-05-28T00:56:14.565Z",
        "created_by": "dba542f1-dea7-4b29-9352-76c0145101bd",
        "modified_at": "2022-05-28T00:56:14.565Z",
        "modified_by": "b4ed23e8-9a61-49a0-96a2-fa4c730d5fa9"
    }
},
{
    "model": "workflows.step",
    "pk": "b84109fb-4c1d-4653-8e7c-847fc80a6760",
    "fields": {
        "index": 6,
        "name": "Review delivery & feedback",
        "description": "Check whether the requested change has been delivered, and verify this with the requester. Also, notify any linked RFCs ready.",
        "workflow": "23d276e2-ce4a-4136-b2cc-286908b0c8f3",
        "fork": null,
        "process_depth": null,
        "process": "change",
        "created_at": "2022-05-28T00:56:14.565Z",
        "created_by": "dba542f1-dea7-4b29-9352-76c0145101bd",
        "modified_at": "2022-05-28T00:56:14.565Z",
        "modified_by": "b4ed23e8-9a61-49a0-96a2-fa4c730d5fa9"
    }
},
{
    "model": "workflows.step",
    "pk": "b92f2db6-cdd5-4ca6-b44a-c00f97c8d781",
    "fields": {
        "index": 3,
        "name": "Determine cause",
        "description": "To mitigate or foster a risk, the cause must first be determined.",
        "workflow": "ad15374b-5c03-4bc6-8efe-a4ada375d553",
        "fork": null,
        "process_depth": null,
        "process": "improve",
        "created_at": "2022-05-28T00:56:14.565Z",
        "created_by": "dba542f1-dea7-4b29-9352-76c0145101bd",
        "modified_at": "2022-05-28T00:56:14.565Z",
        "modified_by": "b4ed23e8-9a61-49a0-96a2-fa4c730d5fa9"
    }
},
{
    "model": "workflows.step",
    "pk": "bdc60929-b371-4705-a400-b3e8eb2313ae",
    "fields": {
        "index": 3,
        "name": "Prepare change",
        "description": "Draw up a roadmap, prepare the change to the production environment, and draw up a test plan and a deployment plan.",
        "workflow": "23d276e2-ce4a-4136-b2cc-286908b0c8f3",
        "fork": null,
        "process_depth": null,
        "process": "change",
        "created_at": "2022-05-28T00:56:14.565Z",
        "created_by": "dba542f1-dea7-4b29-9352-76c0145101bd",
        "modified_at": "2022-05-28T00:56:14.565Z",
        "modified_by": "b4ed23e8-9a61-49a0-96a2-fa4c730d5fa9"
    }
},
{
    "model": "workflows.step",
    "pk": "bdfaceac-590e-42f8-b68a-dfc46532fbd9",
    "fields": {
        "index": 1,
        "name": "Identifying risks",
        "description": "Register the risk. Link this to the service and infrastructure to which the risk relates, and possibly to other risks that are still handled.",
        "workflow": "928ff479-3172-475c-9163-443dfad02bc7",
        "fork": null,
        "process_depth": null,
        "process": "improve",
        "created_at": "2022-05-28T00:56:14.565Z",
        "created_by": "dba542f1-dea7-4b29-9352-76c0145101bd",
        "modified_at": "2022-05-28T00:56:14.565Z",
        "modified_by": "b4ed23e8-9a61-49a0-96a2-fa4c730d5fa9"
    }
},
{
    "model": "workflows.step",
    "pk": "c1acd08e-5095-4307-9fae-38c73e11250d",
    "fields": {
        "index": 6,
        "name": "Review delivery & feedback",
        "description": "Verify that the risk has been mitigated. Verify this with the requester. Also, notify any associated risks ready as well.",
        "workflow": "85dbc347-4827-4efe-978c-d27288a32734",
        "fork": null,
        "process_depth": null,
        "process": "improve",
        "created_at": "2022-05-28T00:56:14.565Z",
        "created_by": "dba542f1-dea7-4b29-9352-76c0145101bd",
        "modified_at": "2022-05-28T00:56:14.565Z",
        "modified_by": "b4ed23e8-9a61-49a0-96a2-fa4c730d5fa9"
    }
},
{
    "model": "workflows.step",
    "pk": "c3bdc7db-bee5-4e2b-b8b3-f4a67335e8d1",
    "fields": {
        "index": 4,
        "name": "Select measure",
        "description": "In the event of a threat: identify possible measures to reduce the effect of the risk, once the cause has been identified. Limiting that effect is called mitigating. In case of an opportunity, look for possibilities to foster (stimulate) the intended effect.",
        "workflow": "928ff479-3172-475c-9163-443dfad02bc7",
        "fork": null,
        "process_depth": null,
        "process": "improve",
        "created_at": "2022-05-28T00:56:14.565Z",
        "created_by": "dba542f1-dea7-4b29-9352-76c0145101bd",
        "modified_at": "2022-05-28T00:56:14.565Z",
        "modified_by": "b4ed23e8-9a61-49a0-96a2-fa4c730d5fa9"
    }
},
{
    "model": "workflows.step",
    "pk": "c6ccaf27-39d9-4cb0-8f0b-d1441e012d7f",
    "fields": {
        "index": 1,
        "name": "Accept RFC",
        "description": "Register the RFC, and link it to the service and infrastructure to which the request relates and optionally to any previously submitted RFCs that are still being handled. Verify the requester's authorization.",
        "workflow": "66f4fc18-6b19-48e4-98c7-c1d0eef7852f",
        "fork": null,
        "process_depth": 0,
        "process": "change",
        "created_at": "2022-06-02T12:08:59.963Z",
        "created_by": "dba542f1-dea7-4b29-9352-76c0145101bd",
        "modified_at": "2022-06-02T12:08:59.963Z",
        "modified_by": "b4ed23e8-9a61-49a0-96a2-fa4c730d5fa9"
    }
},
{
    "model": "workflows.step",
    "pk": "c7550fe7-0ae2-4175-804e-812892e89798",
    "fields": {
        "index": 2,
        "name": "Classify",
        "description": "Categorize and prioritize the wish.",
        "workflow": "b9c36dfa-df66-4877-bd07-cd738d5f3792",
        "fork": null,
        "process_depth": null,
        "process": "agree",
        "created_at": "2022-05-28T00:56:14.565Z",
        "created_by": "dba542f1-dea7-4b29-9352-76c0145101bd",
        "modified_at": "2022-05-28T00:56:14.565Z",
        "modified_by": "b4ed23e8-9a61-49a0-96a2-fa4c730d5fa9"
    }
},
{
    "model": "workflows.step",
    "pk": "c942a158-fce0-4b7c-9e2c-b488334ca952",
    "fields": {
        "index": 5,
        "name": "Deploy measure",
        "description": "Depending on the selected measure, processing continues with workflow changes to agreements, changes to managed infrastructure, or operate",
        "workflow": "85dbc347-4827-4efe-978c-d27288a32734",
        "fork": "dde72b48-3201-4392-be75-c0887ecbe6e1",
        "process_depth": null,
        "process": "improve",
        "created_at": "2022-05-28T00:56:14.565Z",
        "created_by": "dba542f1-dea7-4b29-9352-76c0145101bd",
        "modified_at": "2022-05-28T00:56:14.565Z",
        "modified_by": "b4ed23e8-9a61-49a0-96a2-fa4c730d5fa9"
    }
},
{
    "model": "workflows.step",
    "pk": "ca025e5e-d76b-4f65-8c4f-82518ac9a347",
    "fields": {
        "index": 2,
        "name": "Classify",
        "description": "Categorize and prioritize the risk.",
        "workflow": "85dbc347-4827-4efe-978c-d27288a32734",
        "fork": null,
        "process_depth": null,
        "process": "improve",
        "created_at": "2022-05-28T00:56:14.565Z",
        "created_by": "dba542f1-dea7-4b29-9352-76c0145101bd",
        "modified_at": "2022-05-28T00:56:14.565Z",
        "modified_by": "b4ed23e8-9a61-49a0-96a2-fa4c730d5fa9"
    }
},
{
    "model": "workflows.step",
    "pk": "caa8b5c3-09a0-4a31-ad2a-ed9d4ead9d3d",
    "fields": {
        "index": 11,
        "name": "Evaluate & close",
        "description": "Evaluate the call. Complete the administration. Submit improvement proposals. Close the call administratively.",
        "workflow": "66f4fc18-6b19-48e4-98c7-c1d0eef7852f",
        "fork": null,
        "process_depth": 1,
        "process": "operate",
        "created_at": "2022-06-02T12:09:00.148Z",
        "created_by": "dba542f1-dea7-4b29-9352-76c0145101bd",
        "modified_at": "2022-06-02T12:09:00.148Z",
        "modified_by": "b4ed23e8-9a61-49a0-96a2-fa4c730d5fa9"
    }
},
{
    "model": "workflows.step",
    "pk": "d1653274-11c2-4701-907f-9bc324c14fc0",
    "fields": {
        "index": 4,
        "name": "Select measure",
        "description": "In the event of a threat: identify possible measures to reduce the effect of the risk, once the cause has been identified. Limiting that effect is called mitigating. In case of an opportunity, look for possibilities to foster (stimulate) the intended effect.",
        "workflow": "ad15374b-5c03-4bc6-8efe-a4ada375d553",
        "fork": null,
        "process_depth": null,
        "process": "improve",
        "created_at": "2022-05-28T00:56:14.565Z",
        "created_by": "dba542f1-dea7-4b29-9352-76c0145101bd",
        "modified_at": "2022-05-28T00:56:14.565Z",
        "modified_by": "b4ed23e8-9a61-49a0-96a2-fa4c730d5fa9"
    }
},
{
    "model": "workflows.step",
    "pk": "d3a7180a-597b-4af4-8328-888e5cf96651",
    "fields": {
        "index": 5,
        "name": "Negotiate",
        "description": "Discuss the quotation and adjust it until the agreement has been reached.",
        "workflow": "b9c36dfa-df66-4877-bd07-cd738d5f3792",
        "fork": null,
        "process_depth": null,
        "process": "agree",
        "created_at": "2022-05-28T00:56:14.565Z",
        "created_by": "dba542f1-dea7-4b29-9352-76c0145101bd",
        "modified_at": "2022-05-28T00:56:14.565Z",
        "modified_by": "b4ed23e8-9a61-49a0-96a2-fa4c730d5fa9"
    }
},
{
    "model": "workflows.step",
    "pk": "da96a7e7-2797-47a8-ac51-5d6fc0b5a796",
    "fields": {
        "index": 10,
        "name": "Review delivery & feedback",
        "description": "Check if the service request has been realized. Verify this with the requester. Also, notify any linked service request ready as well.",
        "workflow": "66f4fc18-6b19-48e4-98c7-c1d0eef7852f",
        "fork": null,
        "process_depth": 1,
        "process": "operate",
        "created_at": "2022-06-02T12:09:00.130Z",
        "created_by": "dba542f1-dea7-4b29-9352-76c0145101bd",
        "modified_at": "2022-06-02T12:09:00.130Z",
        "modified_by": "b4ed23e8-9a61-49a0-96a2-fa4c730d5fa9"
    }
},
{
    "model": "workflows.step",
    "pk": "dc852750-4036-47b8-85a5-28d7c92d3b76",
    "fields": {
        "index": 4,
        "name": "Recover",
        "description": "Fix the failure via an RFC or a service request.",
        "workflow": "b94479e2-ce36-4beb-9e5f-76a0cf57967e",
        "fork": "dde72b48-3201-4392-be75-c0887ecbe6e1",
        "process_depth": null,
        "process": "recover",
        "created_at": "2022-05-28T00:56:14.565Z",
        "created_by": "dba542f1-dea7-4b29-9352-76c0145101bd",
        "modified_at": "2022-05-28T00:56:14.565Z",
        "modified_by": "b4ed23e8-9a61-49a0-96a2-fa4c730d5fa9"
    }
},
{
    "model": "workflows.step",
    "pk": "e62cde45-53ed-4245-9cf3-e3ead04f51ba",
    "fields": {
        "index": 1,
        "name": "Accept incident",
        "description": "Log the incident. Link it to the service and infrastructure to which the call relates, and possibly to other incidents that are still handled. Verify the requester’s authorization.",
        "workflow": "c16ee604-233b-42c9-a03f-6a10c96d8064",
        "fork": null,
        "process_depth": null,
        "process": "recover",
        "created_at": "2022-05-28T00:56:14.565Z",
        "created_by": "dba542f1-dea7-4b29-9352-76c0145101bd",
        "modified_at": "2022-05-28T00:56:14.565Z",
        "modified_by": "b4ed23e8-9a61-49a0-96a2-fa4c730d5fa9"
    }
},
{
    "model": "workflows.step",
    "pk": "f17e5b8a-e3e8-4b1e-ba49-5701bbdab629",
    "fields": {
        "index": 3,
        "name": "Determine cause",
        "description": "To mitigate or foster a risk, the cause must first be determined.",
        "workflow": "85dbc347-4827-4efe-978c-d27288a32734",
        "fork": null,
        "process_depth": null,
        "process": "improve",
        "created_at": "2022-05-28T00:56:14.565Z",
        "created_by": "dba542f1-dea7-4b29-9352-76c0145101bd",
        "modified_at": "2022-05-28T00:56:14.565Z",
        "modified_by": "b4ed23e8-9a61-49a0-96a2-fa4c730d5fa9"
    }
},
{
    "model": "workflows.step",
    "pk": "f3b24404-eb35-4ca2-a65d-204430b66526",
    "fields": {
        "index": 2,
        "name": "Classify",
        "description": "Categorize and prioritize the service request.",
        "workflow": "dde72b48-3201-4392-be75-c0887ecbe6e1",
        "fork": null,
        "process_depth": null,
        "process": "operate",
        "created_at": "2022-05-28T00:56:14.565Z",
        "created_by": "dba542f1-dea7-4b29-9352-76c0145101bd",
        "modified_at": "2022-05-28T00:56:14.565Z",
        "modified_by": "b4ed23e8-9a61-49a0-96a2-fa4c730d5fa9"
    }
},
{
    "model": "workflows.step",
    "pk": "f5430fcb-b91b-46b9-bfb2-54a5c8005d8b",
    "fields": {
        "index": 9,
        "name": "Execute activities",
        "description": "Handle the service request as requested.",
        "workflow": "66f4fc18-6b19-48e4-98c7-c1d0eef7852f",
        "fork": null,
        "process_depth": 1,
        "process": "operate",
        "created_at": "2022-06-02T12:09:00.112Z",
        "created_by": "dba542f1-dea7-4b29-9352-76c0145101bd",
        "modified_at": "2022-06-02T12:09:00.112Z",
        "modified_by": "b4ed23e8-9a61-49a0-96a2-fa4c730d5fa9"
    }
},
{
    "model": "workflows.step",
    "pk": "f8280d95-d9a3-4fa4-8065-56a951d39b2b",
    "fields": {
        "index": 1,
        "name": "Accept wishes",
        "description": "Log the wish, and link it to the service to which the wish relates, and possibly to other wishes that are still being handled. Verify the requester’s authorization.",
        "workflow": "b9c36dfa-df66-4877-bd07-cd738d5f3792",
        "fork": null,
        "process_depth": null,
        "process": "agree",
        "created_at": "2022-05-28T00:56:14.565Z",
        "created_by": "dba542f1-dea7-4b29-9352-76c0145101bd",
        "modified_at": "2022-05-28T00:56:14.565Z",
        "modified_by": "b4ed23e8-9a61-49a0-96a2-fa4c730d5fa9"
    }
},
{
    "model": "workflows.step",
    "pk": "fa1b1119-6458-4b77-9fed-165e6731ca6d",
    "fields": {
        "index": 1,
        "name": "Identifying risks",
        "description": "Register the risk. Link this to the service and infrastructure to which the risk relates, and possibly to other risks that are still handled.",
        "workflow": "85dbc347-4827-4efe-978c-d27288a32734",
        "fork": null,
        "process_depth": null,
        "process": "improve",
        "created_at": "2022-05-28T00:56:14.565Z",
        "created_by": "dba542f1-dea7-4b29-9352-76c0145101bd",
        "modified_at": "2022-05-28T00:56:14.565Z",
        "modified_by": "b4ed23e8-9a61-49a0-96a2-fa4c730d5fa9"
    }
},
{
    "model": "workflows.step",
    "pk": "fd49ed7b-c53b-41a5-9ad2-6f26d53ab2fa",
    "fields": {
        "index": 6,
        "name": "Accept service requests",
        "description": "Register the service request. Link this to the service and infrastructure to which the request relates, and possibly to other service requests that are still handled. Verify the requester’s authorization.",
        "workflow": "66f4fc18-6b19-48e4-98c7-c1d0eef7852f",
        "fork": null,
        "process_depth": 1,
        "process": "operate",
        "created_at": "2022-06-02T12:09:00.058Z",
        "created_by": "dba542f1-dea7-4b29-9352-76c0145101bd",
        "modified_at": "2022-06-02T12:09:00.058Z",
        "modified_by": "b4ed23e8-9a61-49a0-96a2-fa4c730d5fa9"
    }
},
{
    "model": "workflows.activity",
    "pk": "005b7e03-2146-4fbf-bc76-20e564adeca8",
    "fields": {
        "index": 1,
        "name": "Create Jira tickets",
        "step": "004bb8f6-d602-45d9-be29-64205c1a4584",
        "description": "Business analyst creates Jira tickets for reference data changes and integration investigation.",
        "created_at": "2022-06-10T11:55:34.247Z",
        "created_by": "b4ed23e8-9a61-49a0-96a2-fa4c730d5fa9",
        "modified_at": "2022-06-10T11:56:18.190Z",
        "modified_by": null
    }
},
{
    "model": "workflows.activity",
    "pk": "185c71e4-01fd-49dc-8212-c78a0c7053e0",
    "fields": {
        "index": 1,
        "name": "Close the reference data change Jira ticket",
        "step": "caa8b5c3-09a0-4a31-ad2a-ed9d4ead9d3d",
        "description": "",
        "created_at": "2022-06-10T12:01:58.077Z",
        "created_by": "b4ed23e8-9a61-49a0-96a2-fa4c730d5fa9",
        "modified_at": "2022-06-10T12:01:58.077Z",
        "modified_by": null
    }
},
{
    "model": "workflows.activity",
    "pk": "1ccaeb6c-19d8-4be5-a8f8-ec66e96d4820",
    "fields": {
        "index": 1,
        "name": "Verify reference data changes",
        "step": "da96a7e7-2797-47a8-ac51-5d6fc0b5a796",
        "description": "Ensure reference data has been updated according to the data requirements.",
        "created_at": "2022-06-10T11:52:35.082Z",
        "created_by": "b4ed23e8-9a61-49a0-96a2-fa4c730d5fa9",
        "modified_at": "2022-06-10T11:52:35.082Z",
        "modified_by": null
    }
},
{
    "model": "workflows.activity",
    "pk": "28acef6d-e2f7-4e21-9eda-cdecf8d8c4b5",
    "fields": {
        "index": 1,
        "name": "Refine the data requirements",
        "step": "f5430fcb-b91b-46b9-bfb2-54a5c8005d8b",
        "description": "Business analyst refines the data requirements on the Confluence template.",
        "created_at": "2022-06-10T11:28:14.852Z",
        "created_by": "b4ed23e8-9a61-49a0-96a2-fa4c730d5fa9",
        "modified_at": "2022-06-10T11:34:11.702Z",
        "modified_by": null
    }
},
{
    "model": "workflows.activity",
    "pk": "404052a8-dbb6-41d2-8b1c-f16179e5e4cd",
    "fields": {
        "index": 1,
        "name": "Prioritize reference data updates",
        "step": "5a11a2ee-ef99-48c8-a317-144fcea354dd",
        "description": "Reference data team prioritizes the Jira tickets.",
        "created_at": "2022-06-10T11:47:20.121Z",
        "created_by": "b4ed23e8-9a61-49a0-96a2-fa4c730d5fa9",
        "modified_at": "2022-06-10T11:57:25.237Z",
        "modified_by": null
    }
},
{
    "model": "workflows.activity",
    "pk": "4e420edb-7aee-4b9b-acda-f6b5141cc762",
    "fields": {
        "index": 1,
        "name": "Accept Jira tickets",
        "step": "fd49ed7b-c53b-41a5-9ad2-6f26d53ab2fa",
        "description": "Change Jira ticket status to \"Selected for development\".",
        "created_at": "2022-06-10T12:00:03.659Z",
        "created_by": "b4ed23e8-9a61-49a0-96a2-fa4c730d5fa9",
        "modified_at": "2022-06-10T12:00:14.633Z",
        "modified_by": null
    }
},
{
    "model": "workflows.activity",
    "pk": "5162194d-887c-430f-b85b-a04c30a309bc",
    "fields": {
        "index": 1,
        "name": "Fill data specification template",
        "step": "c6ccaf27-39d9-4cb0-8f0b-d1441e012d7f",
        "description": "Business analyst creates and fills the initial information in the data specification template in Confluence.\r\n\r\nThe status of data specification template is DRAFT.",
        "created_at": "2022-06-02T12:16:11.426Z",
        "created_by": "b4ed23e8-9a61-49a0-96a2-fa4c730d5fa9",
        "modified_at": "2022-06-10T11:25:45.450Z",
        "modified_by": "b4ed23e8-9a61-49a0-96a2-fa4c730d5fa9"
    }
},
{
    "model": "workflows.activity",
    "pk": "6a47ece0-640e-4a3b-94e6-58b740eed37b",
    "fields": {
        "index": 1,
        "name": "Collect data requirements",
        "step": "c6ccaf27-39d9-4cb0-8f0b-d1441e012d7f",
        "description": "Business analyst collects the data requirements from business stakeholders.\r\n\r\nBusiness analyst collects reference data values and translations.",
        "created_at": "2022-06-02T12:12:10.444Z",
        "created_by": "b4ed23e8-9a61-49a0-96a2-fa4c730d5fa9",
        "modified_at": "2022-06-10T11:13:52.373Z",
        "modified_by": "b4ed23e8-9a61-49a0-96a2-fa4c730d5fa9"
    }
},
{
    "model": "workflows.activity",
    "pk": "715608d4-0a9a-4d2b-95a9-8e090c68103e",
    "fields": {
        "index": 1,
        "name": "Prioritize source integration analysis",
        "step": "5a11a2ee-ef99-48c8-a317-144fcea354dd",
        "description": "Source integration team prioritizes the Jira tickets.",
        "created_at": "2022-06-10T11:46:25.647Z",
        "created_by": "b4ed23e8-9a61-49a0-96a2-fa4c730d5fa9",
        "modified_at": "2022-06-10T11:57:13.019Z",
        "modified_by": null
    }
},
{
    "model": "workflows.activity",
    "pk": "98077a43-c47d-45e8-b3af-c1b7eff8004a",
    "fields": {
        "index": 1,
        "name": "Make the change to reference data",
        "step": "f5430fcb-b91b-46b9-bfb2-54a5c8005d8b",
        "description": "Create new reference data code sets and make the necessary changes to the existing ones.",
        "created_at": "2022-06-10T11:43:30.049Z",
        "created_by": "b4ed23e8-9a61-49a0-96a2-fa4c730d5fa9",
        "modified_at": "2022-06-10T11:43:30.049Z",
        "modified_by": null
    }
},
{
    "model": "workflows.activity",
    "pk": "9a341592-82ba-4e3c-be40-79dc6c8502fc",
    "fields": {
        "index": 1,
        "name": "Prioritize data requirement",
        "step": "12357ef7-73a7-42d7-9285-0768b80b7e33",
        "description": "Business stakeholder gives priorities for the various data.\r\n\r\nInformation architect gives input about overall situation of logical data model development.\r\n\r\nUpper management gives project priorities.\r\n\r\nDTF decides the urgency and business impact of the data requirement based on these inputs. Priority is calculated based on the urgency and business impact and recorded on the template by DTF.",
        "created_at": "2022-06-02T12:18:02.775Z",
        "created_by": "b4ed23e8-9a61-49a0-96a2-fa4c730d5fa9",
        "modified_at": "2022-06-02T12:27:40.980Z",
        "modified_by": "b4ed23e8-9a61-49a0-96a2-fa4c730d5fa9"
    }
},
{
    "model": "workflows.activity",
    "pk": "9cca07a8-46cf-4492-adee-1a45f9598800",
    "fields": {
        "index": 1,
        "name": "Make roadmap for data requirements",
        "step": "004bb8f6-d602-45d9-be29-64205c1a4584",
        "description": "Ask for work estimates and timeline from teams. Reference data team can estimate the work related to the reference data, and integration team Scrum Masters may estimate how much work is needed in the analysis face and when resources are available.\r\n\r\nTypically some data requirements have higher priority than others. Prioritize data requirements, bundle data requirements into releases. Make a roadmap of the releases.",
        "created_at": "2022-06-02T12:33:38.590Z",
        "created_by": "b4ed23e8-9a61-49a0-96a2-fa4c730d5fa9",
        "modified_at": "2022-06-10T11:21:03.450Z",
        "modified_by": "b4ed23e8-9a61-49a0-96a2-fa4c730d5fa9"
    }
},
{
    "model": "workflows.activity",
    "pk": "aa97a9c1-a1f6-4474-8392-7a3e9db842b9",
    "fields": {
        "index": 1,
        "name": "Ensure data requirements are sufficiently defined",
        "step": "da96a7e7-2797-47a8-ac51-5d6fc0b5a796",
        "description": "Before proceeding, information architect ensures that the data requirements are sufficiently defined for logical model and data source definition.",
        "created_at": "2022-06-10T11:32:53.935Z",
        "created_by": "b4ed23e8-9a61-49a0-96a2-fa4c730d5fa9",
        "modified_at": "2022-06-10T11:33:01.833Z",
        "modified_by": null
    }
},
{
    "model": "workflows.activity",
    "pk": "ae2b7b08-ca25-48d8-b0f7-f1243d5d753f",
    "fields": {
        "index": 1,
        "name": "Invetisgate source system data model against the data requirements",
        "step": "f5430fcb-b91b-46b9-bfb2-54a5c8005d8b",
        "description": "Source system experts investigate source system data model against the data requirements and make initial work estimates based on the work required.",
        "created_at": "2022-06-10T11:50:58.441Z",
        "created_by": "b4ed23e8-9a61-49a0-96a2-fa4c730d5fa9",
        "modified_at": "2022-06-10T11:51:39.263Z",
        "modified_by": null
    }
},
{
    "model": "workflows.activity",
    "pk": "c3f9249d-54ef-4d43-97f0-75150a4f661d",
    "fields": {
        "index": 1,
        "name": "Get approval, funding and priority for roadmap",
        "step": "004bb8f6-d602-45d9-be29-64205c1a4584",
        "description": "Business stakeholder takes the roadmap to B2B or B2C program for approval to analysis phase, and priority with regards to other projects.",
        "created_at": "2022-06-10T11:07:29.120Z",
        "created_by": "b4ed23e8-9a61-49a0-96a2-fa4c730d5fa9",
        "modified_at": "2022-06-10T11:39:22.353Z",
        "modified_by": null
    }
},
{
    "model": "workflows.activity",
    "pk": "c5ededb1-e1bf-4d5e-8e44-7fbeca66c8b5",
    "fields": {
        "index": 1,
        "name": "Approve the data specification",
        "step": "7be84f72-22a8-466a-9360-216b48fcb24c",
        "description": "Change the status of data specification template to DONE.",
        "created_at": "2022-06-10T11:26:55.464Z",
        "created_by": "b4ed23e8-9a61-49a0-96a2-fa4c730d5fa9",
        "modified_at": "2022-06-10T11:27:20.562Z",
        "modified_by": null
    }
},
{
    "model": "workflows.activity",
    "pk": "ccbc0a84-1c21-4935-9005-4d75aa4e96ee",
    "fields": {
        "index": 1,
        "name": "Close the source system integration Jira ticket",
        "step": "caa8b5c3-09a0-4a31-ad2a-ed9d4ead9d3d",
        "description": "",
        "created_at": "2022-06-10T12:01:28.252Z",
        "created_by": "b4ed23e8-9a61-49a0-96a2-fa4c730d5fa9",
        "modified_at": "2022-06-10T12:01:28.252Z",
        "modified_by": null
    }
},
{
    "model": "workflows.activity",
    "pk": "d385e0cf-faf9-4bcd-a0f5-849b2592c9ce",
    "fields": {
        "index": 1,
        "name": "Choose context",
        "step": "12357ef7-73a7-42d7-9285-0768b80b7e33",
        "description": "Information architect decides the context for the data requirement based on the input from the business analyst. Context is recorded into the data specification template.",
        "created_at": "2022-06-02T12:29:00.396Z",
        "created_by": "b4ed23e8-9a61-49a0-96a2-fa4c730d5fa9",
        "modified_at": "2022-06-07T00:05:33.727Z",
        "modified_by": "b4ed23e8-9a61-49a0-96a2-fa4c730d5fa9"
    }
},
{
    "model": "workflows.activity",
    "pk": "dbceed3d-ca5c-4c77-8463-c590014249c5",
    "fields": {
        "index": 1,
        "name": "Plan the work",
        "step": "9b1b18f7-7779-4571-8843-c9949aef4139",
        "description": "Sprint Planning for source integration team for participation in the analysis phase.\r\n\r\nSprint Planning for reference data team for implementing the reference data.",
        "created_at": "2022-06-10T11:40:33.696Z",
        "created_by": "b4ed23e8-9a61-49a0-96a2-fa4c730d5fa9",
        "modified_at": "2022-06-10T11:42:14.159Z",
        "modified_by": null
    }
},
{
    "model": "workflows.activity",
    "pk": "fc5bd2b0-2e99-49d2-89a5-ed29bc4c7c1f",
    "fields": {
        "index": 1,
        "name": "Implementation and time capacity planning",
        "step": "004bb8f6-d602-45d9-be29-64205c1a4584",
        "description": "Capacity and time line planning for the analysis phase, synchronize with other projects",
        "created_at": "2022-06-10T11:37:55.424Z",
        "created_by": "b4ed23e8-9a61-49a0-96a2-fa4c730d5fa9",
        "modified_at": "2022-06-10T11:37:55.424Z",
        "modified_by": null
    }
},
{
    "model": "workflows.responsible",
    "pk": "04f7c1c3-b485-4bed-a539-575a61e387b0",
    "fields": {
        "types": "R",
        "profile": "1b535c69-f26c-43c2-9969-80268ef1944d",
        "activity": "98077a43-c47d-45e8-b3af-c1b7eff8004a",
        "created_at": "2022-06-10T11:43:42.736Z",
        "created_by": "b4ed23e8-9a61-49a0-96a2-fa4c730d5fa9",
        "modified_at": "2022-06-10T11:43:51.118Z",
        "modified_by": null
    }
},
{
    "model": "workflows.responsible",
    "pk": "072e2014-3ca5-40e7-b6f5-27a6e66fdde8",
    "fields": {
        "types": "R",
        "profile": "a7793ed4-2abe-47a3-a9df-960db0f06beb",
        "activity": "715608d4-0a9a-4d2b-95a9-8e090c68103e",
        "created_at": "2022-06-10T11:47:38.022Z",
        "created_by": "b4ed23e8-9a61-49a0-96a2-fa4c730d5fa9",
        "modified_at": "2022-06-10T11:47:58.685Z",
        "modified_by": null
    }
},
{
    "model": "workflows.responsible",
    "pk": "27becc8c-4ada-4ba6-954f-aca58411bfe5",
    "fields": {
        "types": "R",
        "profile": "c37aa89b-c7e6-46de-997a-eb4bc917e1db",
        "activity": "9cca07a8-46cf-4492-adee-1a45f9598800",
        "created_at": "2022-06-10T11:06:00.657Z",
        "created_by": "b4ed23e8-9a61-49a0-96a2-fa4c730d5fa9",
        "modified_at": "2022-06-10T11:06:04.748Z",
        "modified_by": null
    }
},
{
    "model": "workflows.responsible",
    "pk": "310ab701-c432-4178-af5a-b72fd5985e09",
    "fields": {
        "types": "R",
        "profile": "1b535c69-f26c-43c2-9969-80268ef1944d",
        "activity": "404052a8-dbb6-41d2-8b1c-f16179e5e4cd",
        "created_at": "2022-06-10T11:48:03.571Z",
        "created_by": "b4ed23e8-9a61-49a0-96a2-fa4c730d5fa9",
        "modified_at": "2022-06-10T11:48:07.791Z",
        "modified_by": null
    }
},
{
    "model": "workflows.responsible",
    "pk": "3f94a53e-1128-446e-a268-65c556997bdc",
    "fields": {
        "types": "R",
        "profile": "84b9b366-6ab4-43f7-a023-6c4f7e90cc8b",
        "activity": "c3f9249d-54ef-4d43-97f0-75150a4f661d",
        "created_at": "2022-06-10T11:09:43.565Z",
        "created_by": "b4ed23e8-9a61-49a0-96a2-fa4c730d5fa9",
        "modified_at": "2022-06-10T11:09:59.207Z",
        "modified_by": null
    }
},
{
    "model": "workflows.responsible",
    "pk": "40a49124-2fc9-48ee-a387-2eddfce09314",
    "fields": {
        "types": "R",
        "profile": "1b535c69-f26c-43c2-9969-80268ef1944d",
        "activity": "185c71e4-01fd-49dc-8212-c78a0c7053e0",
        "created_at": "2022-06-10T12:02:15.823Z",
        "created_by": "b4ed23e8-9a61-49a0-96a2-fa4c730d5fa9",
        "modified_at": "2022-06-10T12:02:18.177Z",
        "modified_by": null
    }
},
{
    "model": "workflows.responsible",
    "pk": "4c44dd58-fe70-4b8e-93a3-abe12eb94d17",
    "fields": {
        "types": "AC",
        "profile": "84b9b366-6ab4-43f7-a023-6c4f7e90cc8b",
        "activity": "9cca07a8-46cf-4492-adee-1a45f9598800",
        "created_at": "2022-06-10T11:06:09.970Z",
        "created_by": "b4ed23e8-9a61-49a0-96a2-fa4c730d5fa9",
        "modified_at": "2022-06-10T11:06:38.509Z",
        "modified_by": null
    }
},
{
    "model": "workflows.responsible",
    "pk": "57fda799-9d92-4e65-be6c-d9afbfcfe5be",
    "fields": {
        "types": "R",
        "profile": "f8e27ffd-8fbf-47f1-9c4f-098e39fc3de6",
        "activity": "ae2b7b08-ca25-48d8-b0f7-f1243d5d753f",
        "created_at": "2022-06-10T11:51:08.939Z",
        "created_by": "b4ed23e8-9a61-49a0-96a2-fa4c730d5fa9",
        "modified_at": "2022-06-10T11:51:11.832Z",
        "modified_by": null
    }
},
{
    "model": "workflows.responsible",
    "pk": "591d5489-33c1-4c99-bd70-972ea91049f7",
    "fields": {
        "types": "RA",
        "profile": "71795033-dea4-4ee9-b60f-cbced0ff0012",
        "activity": "d385e0cf-faf9-4bcd-a0f5-849b2592c9ce",
        "created_at": "2022-06-02T12:29:09.902Z",
        "created_by": "b4ed23e8-9a61-49a0-96a2-fa4c730d5fa9",
        "modified_at": "2022-06-02T12:30:45.224Z",
        "modified_by": "b4ed23e8-9a61-49a0-96a2-fa4c730d5fa9"
    }
},
{
    "model": "workflows.responsible",
    "pk": "5d52d724-fffa-4f34-9688-deeb8d0a990d",
    "fields": {
        "types": "R",
        "profile": "c37aa89b-c7e6-46de-997a-eb4bc917e1db",
        "activity": "6a47ece0-640e-4a3b-94e6-58b740eed37b",
        "created_at": "2022-06-02T12:12:49.878Z",
        "created_by": "b4ed23e8-9a61-49a0-96a2-fa4c730d5fa9",
        "modified_at": "2022-06-02T12:12:55.408Z",
        "modified_by": "b4ed23e8-9a61-49a0-96a2-fa4c730d5fa9"
    }
},
{
    "model": "workflows.responsible",
    "pk": "6030d89c-0845-4093-a5b9-647870ab8c45",
    "fields": {
        "types": "A",
        "profile": "9465395f-a2f3-4146-bcc4-b164c26ce248",
        "activity": "c3f9249d-54ef-4d43-97f0-75150a4f661d",
        "created_at": "2022-06-10T11:08:04.193Z",
        "created_by": "b4ed23e8-9a61-49a0-96a2-fa4c730d5fa9",
        "modified_at": "2022-06-10T11:08:56.673Z",
        "modified_by": null
    }
},
{
    "model": "workflows.responsible",
    "pk": "66029654-0595-4cae-a56d-a573097967f8",
    "fields": {
        "types": "AC",
        "profile": "84b9b366-6ab4-43f7-a023-6c4f7e90cc8b",
        "activity": "6a47ece0-640e-4a3b-94e6-58b740eed37b",
        "created_at": "2022-06-02T12:15:29.478Z",
        "created_by": "b4ed23e8-9a61-49a0-96a2-fa4c730d5fa9",
        "modified_at": "2022-06-02T12:15:38.644Z",
        "modified_by": "b4ed23e8-9a61-49a0-96a2-fa4c730d5fa9"
    }
},
{
    "model": "workflows.responsible",
    "pk": "770c0674-3ea7-4091-bc25-11f7df9feb79",
    "fields": {
        "types": "C",
        "profile": "9465395f-a2f3-4146-bcc4-b164c26ce248",
        "activity": "9a341592-82ba-4e3c-be40-79dc6c8502fc",
        "created_at": "2022-06-02T12:26:07.985Z",
        "created_by": "b4ed23e8-9a61-49a0-96a2-fa4c730d5fa9",
        "modified_at": "2022-06-02T12:26:59.080Z",
        "modified_by": "b4ed23e8-9a61-49a0-96a2-fa4c730d5fa9"
    }
},
{
    "model": "workflows.responsible",
    "pk": "7870864c-b017-4a4b-8f2d-d54c0ec1df2c",
    "fields": {
        "types": "RA",
        "profile": "3423ec84-760c-46e9-a34d-d071480a6bdf",
        "activity": "9a341592-82ba-4e3c-be40-79dc6c8502fc",
        "created_at": "2022-06-02T12:26:54.875Z",
        "created_by": "b4ed23e8-9a61-49a0-96a2-fa4c730d5fa9",
        "modified_at": "2022-06-02T12:27:03.977Z",
        "modified_by": "b4ed23e8-9a61-49a0-96a2-fa4c730d5fa9"
    }
},
{
    "model": "workflows.responsible",
    "pk": "800f9855-5d6d-4f99-a3de-76060584dfdd",
    "fields": {
        "types": "C",
        "profile": "f8e27ffd-8fbf-47f1-9c4f-098e39fc3de6",
        "activity": "ccbc0a84-1c21-4935-9005-4d75aa4e96ee",
        "created_at": "2022-06-10T12:02:07.378Z",
        "created_by": "b4ed23e8-9a61-49a0-96a2-fa4c730d5fa9",
        "modified_at": "2022-06-10T12:02:28.392Z",
        "modified_by": null
    }
},
{
    "model": "workflows.responsible",
    "pk": "98779345-bec9-46d2-89f0-4881611a8cee",
    "fields": {
        "types": "C",
        "profile": "c37aa89b-c7e6-46de-997a-eb4bc917e1db",
        "activity": "d385e0cf-faf9-4bcd-a0f5-849b2592c9ce",
        "created_at": "2022-06-02T12:30:36.051Z",
        "created_by": "b4ed23e8-9a61-49a0-96a2-fa4c730d5fa9",
        "modified_at": "2022-06-02T12:30:39.482Z",
        "modified_by": "b4ed23e8-9a61-49a0-96a2-fa4c730d5fa9"
    }
},
{
    "model": "workflows.responsible",
    "pk": "9af09468-3234-4eda-9399-7fedbd98a74b",
    "fields": {
        "types": "C",
        "profile": "1b535c69-f26c-43c2-9969-80268ef1944d",
        "activity": "9cca07a8-46cf-4492-adee-1a45f9598800",
        "created_at": "2022-06-10T11:15:06.784Z",
        "created_by": "b4ed23e8-9a61-49a0-96a2-fa4c730d5fa9",
        "modified_at": "2022-06-10T11:15:12.589Z",
        "modified_by": null
    }
},
{
    "model": "workflows.responsible",
    "pk": "a4d5baca-2ebc-4040-af72-3e5dba9130af",
    "fields": {
        "types": "R",
        "profile": "c37aa89b-c7e6-46de-997a-eb4bc917e1db",
        "activity": "28acef6d-e2f7-4e21-9eda-cdecf8d8c4b5",
        "created_at": "2022-06-10T11:31:30.035Z",
        "created_by": "b4ed23e8-9a61-49a0-96a2-fa4c730d5fa9",
        "modified_at": "2022-06-10T11:31:34.614Z",
        "modified_by": null
    }
},
{
    "model": "workflows.responsible",
    "pk": "aae2d685-6f5b-4c1c-9b14-983bba5f38cc",
    "fields": {
        "types": "R",
        "profile": "71795033-dea4-4ee9-b60f-cbced0ff0012",
        "activity": "aa97a9c1-a1f6-4474-8392-7a3e9db842b9",
        "created_at": "2022-06-10T11:33:11.204Z",
        "created_by": "b4ed23e8-9a61-49a0-96a2-fa4c730d5fa9",
        "modified_at": "2022-06-10T11:43:46.426Z",
        "modified_by": null
    }
},
{
    "model": "workflows.responsible",
    "pk": "af07c66d-202c-4d17-9015-e4d8fcf9bf90",
    "fields": {
        "types": "C",
        "profile": "71795033-dea4-4ee9-b60f-cbced0ff0012",
        "activity": "9cca07a8-46cf-4492-adee-1a45f9598800",
        "created_at": "2022-06-10T11:11:49.608Z",
        "created_by": "b4ed23e8-9a61-49a0-96a2-fa4c730d5fa9",
        "modified_at": "2022-06-10T11:11:54.682Z",
        "modified_by": null
    }
},
{
    "model": "workflows.responsible",
    "pk": "b36d4877-0c81-475f-bac2-547abd49954a",
    "fields": {
        "types": "C",
        "profile": "71795033-dea4-4ee9-b60f-cbced0ff0012",
        "activity": "9a341592-82ba-4e3c-be40-79dc6c8502fc",
        "created_at": "2022-06-02T12:25:08.168Z",
        "created_by": "b4ed23e8-9a61-49a0-96a2-fa4c730d5fa9",
        "modified_at": "2022-06-02T12:27:01.064Z",
        "modified_by": "b4ed23e8-9a61-49a0-96a2-fa4c730d5fa9"
    }
},
{
    "model": "workflows.responsible",
    "pk": "b93c3d6a-de7f-4540-aadc-c5f612a6b9a3",
    "fields": {
        "types": "R",
        "profile": "1b535c69-f26c-43c2-9969-80268ef1944d",
        "activity": "dbceed3d-ca5c-4c77-8463-c590014249c5",
        "created_at": "2022-06-10T11:40:46.659Z",
        "created_by": "b4ed23e8-9a61-49a0-96a2-fa4c730d5fa9",
        "modified_at": "2022-06-10T11:40:51.526Z",
        "modified_by": null
    }
},
{
    "model": "workflows.responsible",
    "pk": "c34dfce3-147f-4a8b-b5ee-64c8cb8fdfb3",
    "fields": {
        "types": "R",
        "profile": "71795033-dea4-4ee9-b60f-cbced0ff0012",
        "activity": "1ccaeb6c-19d8-4be5-a8f8-ec66e96d4820",
        "created_at": "2022-06-10T11:52:45.297Z",
        "created_by": "b4ed23e8-9a61-49a0-96a2-fa4c730d5fa9",
        "modified_at": "2022-06-10T11:52:48.296Z",
        "modified_by": null
    }
},
{
    "model": "workflows.responsible",
    "pk": "c6bee416-1013-4504-99b9-fbdeb0be1acd",
    "fields": {
        "types": "R",
        "profile": "c37aa89b-c7e6-46de-997a-eb4bc917e1db",
        "activity": "5162194d-887c-430f-b85b-a04c30a309bc",
        "created_at": "2022-06-02T12:16:22.069Z",
        "created_by": "b4ed23e8-9a61-49a0-96a2-fa4c730d5fa9",
        "modified_at": "2022-06-02T12:16:27.678Z",
        "modified_by": "b4ed23e8-9a61-49a0-96a2-fa4c730d5fa9"
    }
},
{
    "model": "workflows.responsible",
    "pk": "cc85d002-25aa-46fb-b901-e4beb5d5b24e",
    "fields": {
        "types": "C",
        "profile": "c37aa89b-c7e6-46de-997a-eb4bc917e1db",
        "activity": "c3f9249d-54ef-4d43-97f0-75150a4f661d",
        "created_at": "2022-06-10T11:09:50.592Z",
        "created_by": "b4ed23e8-9a61-49a0-96a2-fa4c730d5fa9",
        "modified_at": "2022-06-10T11:10:02.976Z",
        "modified_by": null
    }
},
{
    "model": "workflows.responsible",
    "pk": "d53202e7-4aa1-4c8f-86b6-51418d0d74f4",
    "fields": {
        "types": "R",
        "profile": "a7793ed4-2abe-47a3-a9df-960db0f06beb",
        "activity": "ccbc0a84-1c21-4935-9005-4d75aa4e96ee",
        "created_at": "2022-06-10T12:02:23.622Z",
        "created_by": "b4ed23e8-9a61-49a0-96a2-fa4c730d5fa9",
        "modified_at": "2022-06-10T12:02:26.071Z",
        "modified_by": null
    }
},
{
    "model": "workflows.responsible",
    "pk": "e7c7eb6c-cbcc-47cc-94d6-c0e60e57a474",
    "fields": {
        "types": "R",
        "profile": "a7793ed4-2abe-47a3-a9df-960db0f06beb",
        "activity": "dbceed3d-ca5c-4c77-8463-c590014249c5",
        "created_at": "2022-06-10T11:40:56.456Z",
        "created_by": "b4ed23e8-9a61-49a0-96a2-fa4c730d5fa9",
        "modified_at": "2022-06-10T11:41:00.628Z",
        "modified_by": null
    }
},
{
    "model": "workflows.responsible",
    "pk": "fea719a4-9c34-4cc3-a397-b59248206547",
    "fields": {
        "types": "C",
        "profile": "84b9b366-6ab4-43f7-a023-6c4f7e90cc8b",
        "activity": "9a341592-82ba-4e3c-be40-79dc6c8502fc",
        "created_at": "2022-06-02T12:18:13.847Z",
        "created_by": "b4ed23e8-9a61-49a0-96a2-fa4c730d5fa9",
        "modified_at": "2022-06-02T12:27:00.221Z",
        "modified_by": "b4ed23e8-9a61-49a0-96a2-fa4c730d5fa9"
    }
},
{
    "model": "workflows.workinstruction",
    "pk": "1373934f-ba3b-45d3-aab2-5ccea2b7acdf",
    "fields": {
        "responsible": "5d52d724-fffa-4f34-9688-deeb8d0a990d",
        "description": "dsfjhsdfdfskhjfdsjks dkdjfkjds kdfsj",
        "created_at": "2022-06-07T20:00:13.373Z",
        "created_by": "b4ed23e8-9a61-49a0-96a2-fa4c730d5fa9",
        "modified_at": "2022-06-07T20:00:13.373Z",
        "modified_by": "b4ed23e8-9a61-49a0-96a2-fa4c730d5fa9"
    }
},
{
    "model": "workflows.workinstruction",
    "pk": "2ce3a7cc-2c79-400b-bf84-309e820e0a34",
    "fields": {
        "responsible": "5d52d724-fffa-4f34-9688-deeb8d0a990d",
        "description": "dsfjhsdfdfskhjfdsjks dkdjfkjds kdfsj",
        "created_at": "2022-06-07T19:59:39.969Z",
        "created_by": "b4ed23e8-9a61-49a0-96a2-fa4c730d5fa9",
        "modified_at": "2022-06-07T19:59:39.969Z",
        "modified_by": "b4ed23e8-9a61-49a0-96a2-fa4c730d5fa9"
    }
}
]
